{
  "mappings": {
    "bplusdevelopment/mixins/TitleScreenMixin": {
      "init": "Lnet/minecraft/class_442;method_25426()V",
      "render": "Lnet/minecraft/class_442;method_25394(Lnet/minecraft/class_4587;IIF)V"
    },
    "bplusdevelopment/mixins/CustomSplashMixin": {
      "get": "Lnet/minecraft/class_4008;method_18174()Ljava/lang/String;"
    },
    "bplusdevelopment/mixins/KeyboardInputMixin": {
      "tick": "Lnet/minecraft/class_743;method_3129(Z)V"
    }
  },
  "data": {
    "named:intermediary": {
      "bplusdevelopment/mixins/TitleScreenMixin": {
        "init": "Lnet/minecraft/class_442;method_25426()V",
        "render": "Lnet/minecraft/class_442;method_25394(Lnet/minecraft/class_4587;IIF)V"
      },
      "bplusdevelopment/mixins/CustomSplashMixin": {
        "get": "Lnet/minecraft/class_4008;method_18174()Ljava/lang/String;"
      },
      "bplusdevelopment/mixins/KeyboardInputMixin": {
        "tick": "Lnet/minecraft/class_743;method_3129(Z)V"
      }
    }
  }
}